-- ============================================================
-- STOCK ABASTOS - Datos de Prueba
-- Versión: 002
-- ============================================================

BEGIN;

-- ============================================================
-- BODEGAS
-- ============================================================
INSERT INTO bodegas (id, codigo, nombre, ubicacion) VALUES
    ('a0000000-0000-0000-0000-000000000001', 'BOD-A-01', 'Mostrador Principal', 'A'),
    ('a0000000-0000-0000-0000-000000000002', 'BOD-B-01', 'Cámara Fría 1 - Frutas', 'B'),
    ('a0000000-0000-0000-0000-000000000003', 'BOD-B-02', 'Cámara Fría 2 - Verduras', 'B'),
    ('a0000000-0000-0000-0000-000000000004', 'BOD-B-03', 'Bodega Seca - Empaques', 'B');

-- ============================================================
-- PRODUCTOS
-- ============================================================
INSERT INTO productos (id, sku, nombre, unidad_compra, unidad_venta, peso_estimado_kg) VALUES
    ('b0000000-0000-0000-0000-000000000001', 'MANZ-001', 'Manzana Roja', 'CAJA', 'KILO', 18.5),
    ('b0000000-0000-0000-0000-000000000002', 'MANZ-002', 'Manzana Verde', 'CAJA', 'KILO', 19.0),
    ('b0000000-0000-0000-0000-000000000003', 'PLAT-001', 'Plátano Tabasco', 'CAJA', 'KILO', 22.0),
    ('b0000000-0000-0000-0000-000000000004', 'NARJ-001', 'Naranja Valencia', 'KILO', 'KILO', NULL),
    ('b0000000-0000-0000-0000-000000000005', 'LIMN-001', 'Limón Persa', 'CAJA', 'KILO', 20.0),
    ('b0000000-0000-0000-0000-000000000006', 'AGUA-001', 'Aguacate Hass', 'CAJA', 'KILO', 10.0),
    ('b0000000-0000-0000-0000-000000000007', 'TOM-001', 'Tomate Saladet', 'CAJA', 'KILO', 15.0),
    ('b0000000-0000-0000-0000-000000000008', 'CEBO-001', 'Cebolla Blanca', 'KILO', 'KILO', NULL),
    ('b0000000-0000-0000-0000-000000000009', 'PAPA-001', 'Papa Cambray', 'KILO', 'KILO', NULL),
    ('b0000000-0000-0000-0000-000000000010', 'FRESA-001', 'Fresa', 'CAJA', 'PIEZA', 5.0);

-- ============================================================
-- LOTES DE PRUEBA (simulando recepción reciente)
-- ============================================================
INSERT INTO lotes (id, codigo_lote, producto_id, bodega_id, estado, cantidad_recibida_kg, cantidad_actual_kg, proveedor_nombre, fecha_recepcion, fecha_caducidad) VALUES
    ('c0000000-0000-0000-0000-000000000001', 'LTO-20260601-0001', 'b0000000-0000-0000-0000-000000000001', 'a0000000-0000-0000-0000-000000000002', 'DISPONIBLE', 185.0, 185.0, 'Frutícola del Norte', '2026-06-01', '2026-06-20'),
    ('c0000000-0000-0000-0000-000000000002', 'LTO-20260601-0002', 'b0000000-0000-0000-0000-000000000003', 'a0000000-0000-0000-0000-000000000002', 'DISPONIBLE', 220.0, 220.0, 'Platanera del Sur', '2026-06-01', '2026-06-15'),
    ('c0000000-0000-0000-0000-000000000003', 'LTO-20260602-0003', 'b0000000-0000-0000-0000-000000000006', 'a0000000-0000-0000-0000-000000000002', 'DISPONIBLE', 100.0, 80.0, 'Aguacates Michoacán', '2026-06-02', '2026-06-12'),
    ('c0000000-0000-0000-0000-000000000004', 'LTO-20260603-0004', 'b0000000-0000-0000-0000-000000000007', 'a0000000-0000-0000-0000-000000000003', 'DISPONIBLE', 300.0, 300.0, 'Hortalizas del Bajío', '2026-06-03', '2026-06-18'),
    ('c0000000-0000-0000-0000-000000000005', 'LTO-20260604-0005', 'b0000000-0000-0000-0000-000000000005', 'a0000000-0000-0000-0000-000000000003', 'DISPONIBLE', 200.0, 200.0, 'Cítricos Veracruz', '2026-06-04', '2026-06-25'),
    ('c0000000-0000-0000-0000-000000000006', 'LTO-20260605-0006', 'b0000000-0000-0000-0000-000000000002', 'a0000000-0000-0000-0000-000000000002', 'RECIBIDO', 95.0, 95.0, 'Frutícola del Norte', '2026-06-05', '2026-06-22');

-- ============================================================
-- STOCK INICIAL POR BODEGA
-- ============================================================
INSERT INTO stock_bodega (bodega_id, producto_id, cantidad_kg, cantidad_cajas) VALUES
    ('a0000000-0000-0000-0000-000000000002', 'b0000000-0000-0000-0000-000000000001', 185.0, 10),
    ('a0000000-0000-0000-0000-000000000002', 'b0000000-0000-0000-0000-000000000003', 220.0, 10),
    ('a0000000-0000-0000-0000-000000000002', 'b0000000-0000-0000-0000-000000000006', 80.0, 8),
    ('a0000000-0000-0000-0000-000000000002', 'b0000000-0000-0000-0000-000000000002', 95.0, 5),
    ('a0000000-0000-0000-0000-000000000003', 'b0000000-0000-0000-0000-000000000007', 300.0, 20),
    ('a0000000-0000-0000-0000-000000000003', 'b0000000-0000-0000-0000-000000000005', 200.0, 10),
    ('a0000000-0000-0000-0000-000000000001', 'b0000000-0000-0000-0000-000000000001', 18.5, 1),
    ('a0000000-0000-0000-0000-000000000001', 'b0000000-0000-0000-0000-000000000006', 10.0, 1);

COMMIT;
